-- MySQL dump 10.13  Distrib 8.0.30, for Win64 (x86_64)
--
-- Host: localhost    Database: BarBer
-- ------------------------------------------------------
-- Server version	8.0.30

/*!40101 SET @OLD_CHARACTER_SET_CLIENT=@@CHARACTER_SET_CLIENT */;
/*!40101 SET @OLD_CHARACTER_SET_RESULTS=@@CHARACTER_SET_RESULTS */;
/*!40101 SET @OLD_COLLATION_CONNECTION=@@COLLATION_CONNECTION */;
/*!50503 SET NAMES utf8mb4 */;
/*!40103 SET @OLD_TIME_ZONE=@@TIME_ZONE */;
/*!40103 SET TIME_ZONE='+00:00' */;
/*!40014 SET @OLD_UNIQUE_CHECKS=@@UNIQUE_CHECKS, UNIQUE_CHECKS=0 */;
/*!40014 SET @OLD_FOREIGN_KEY_CHECKS=@@FOREIGN_KEY_CHECKS, FOREIGN_KEY_CHECKS=0 */;
/*!40101 SET @OLD_SQL_MODE=@@SQL_MODE, SQL_MODE='NO_AUTO_VALUE_ON_ZERO' */;
/*!40111 SET @OLD_SQL_NOTES=@@SQL_NOTES, SQL_NOTES=0 */;

--
-- Table structure for table `Category`
--
CREATE DATABASE IF NOT EXISTS `BarBer`;
USE `BarBer`;

DROP TABLE IF EXISTS `Category`;
/*!40101 SET @saved_cs_client     = @@character_set_client */;
/*!50503 SET character_set_client = utf8mb4 */;
CREATE TABLE `Category` (
  `IdCategory` int NOT NULL AUTO_INCREMENT,
  `Name` varchar(100) NOT NULL,
  PRIMARY KEY (`IdCategory`)
) ENGINE=InnoDB AUTO_INCREMENT=6 DEFAULT CHARSET=utf8mb3;
/*!40101 SET character_set_client = @saved_cs_client */;

--
-- Dumping data for table `Category`
--

LOCK TABLES `Category` WRITE;
/*!40000 ALTER TABLE `Category` DISABLE KEYS */;
INSERT INTO `Category` VALUES (1,'Уход за лицом и кожей'),(2,'Оформление бороды и усов'),(3,'Мужские парикмахерские услуги');
/*!40000 ALTER TABLE `Category` ENABLE KEYS */;
UNLOCK TABLES;

--
-- Table structure for table `Client`
--

DROP TABLE IF EXISTS `Client`;
/*!40101 SET @saved_cs_client     = @@character_set_client */;
/*!50503 SET character_set_client = utf8mb4 */;
CREATE TABLE `Client` (
  `IdClient` int NOT NULL AUTO_INCREMENT,
  `Name` varchar(50) NOT NULL,
  `Surname` varchar(50) NOT NULL,
  `Patronymic` varchar(50) DEFAULT NULL,
  `Phone` varchar(11) NOT NULL,
  PRIMARY KEY (`IdClient`)
) ENGINE=InnoDB AUTO_INCREMENT=52 DEFAULT CHARSET=utf8mb3;
/*!40101 SET character_set_client = @saved_cs_client */;

--
-- Dumping data for table `Client`
--

LOCK TABLES `Client` WRITE;
/*!40000 ALTER TABLE `Client` DISABLE KEYS */;
INSERT INTO `Client` VALUES (1,'Ксения','Дмитриева','Сергеевна','79189012345'),(2,'Павел','Белов','Александрович','79190123456'),(3,'Вероника','Крылова','Максимовна','79201234567'),(4,'Виктор','Романов','Борисович','79301234568'),(5,'Людмила','Щербакова','Васильевна','79402345679'),(6,'Александр','Кириллов','Петрович','79503456780'),(7,'Евгения','Соколова','Олеговна','79604567891'),(8,'Михаил','Павлов','Денисович','79705678902'),(9,'Дарья','Николаева','Артёмовна','79806789013'),(10,'Денис','Фролов','Сергеевич','79907890124'),(11,'Анна','Виноградова','Геннадьевна','79008901235'),(12,'Григорий','Морозов','Константинович','79109012346'),(13,'Оксана','Гусева','Евгеньевна','79210123457'),(14,'Вячеслав','Кузнецов','Михайлович','79311234568'),(15,'Тамара','Петрова','Валерьевна','79412345679'),(16,'Кирилл','Лебедев','Викторович','79513456780'),(17,'Алина','Михайлова','Юрьевна','79614567891'),(18,'Василий','Иванов','Алексеевич','79715678902'),(19,'Екатерина','Федорова','Дмитриевна','79816789013'),(20,'Юрий','Григорьев','Олегович','79917890124'),(21,'Лариса','Морозова','Николаевна','79018901235'),(22,'Петр','Борисов','Васильевич','79119012346'),(23,'Валерия','Ковалёва','Павловна','79220123457'),(24,'Никита','Яковлев','Геннадьевич','79321234568'),(25,'Илья','Гусев','Валерьевич','79422345679'),(26,'Марина','Дмитриева','Анатольевна','79523456780'),(27,'Степан','Белов','Фёдорович','79624567891'),(28,'Карина','Крылова','Сергеевна','79725678902'),(29,'Леонид','Романов','Владимирович','79826789013'),(30,'Алеся','Щербакова','Дмитриевна','79927890124'),(31,'Марат','Кириллов','Львович','79028901235'),(32,'Галина','Соколова','Борисовна','79129012346'),(33,'Иван','Петров','Максимович','79230123457'),(34,'Нина','Морозова','Васильевна','79331234568'),(35,'Дмитрий','Белов','Олегович','79432345679'),(36,'Елена','Крылова','Григорьевна','79533456780'),(37,'Роман','Романов','Аркадьевич','79634567891'),(38,'Татьяна','Щербакова','Фёдоровна','79735678902'),(39,'Максим','Кириллов','Вячеславович','79836789013'),(40,'Ольга','Соколова','Юрьевна','79937890124'),(41,'Андрей','Павлов','Николаевич','79038901235'),(42,'Вероника','Николаева','Романовна','79139012346'),(43,'Игорь','Фролов','Павлович','79240123457'),(44,'Ксения','Виноградова','Игоревна','79341234568'),(45,'Павел','Ковалёв','Денисович','79442345679'),(46,'Людмила','Яковлева','Михайловна','79543456780'),(47,'Алексей','Гусев','Анатольевич','79644567891'),(48,'Евгения','Дмитриева','Викторовна','79745678902'),(50,'Борис','Пятницкий','Юрьевич','79018000882');
/*!40000 ALTER TABLE `Client` ENABLE KEYS */;
UNLOCK TABLES;

--
-- Table structure for table `Employe`
--

DROP TABLE IF EXISTS `Employe`;
/*!40101 SET @saved_cs_client     = @@character_set_client */;
/*!50503 SET character_set_client = utf8mb4 */;
CREATE TABLE `Employe` (
  `IdEmploye` int NOT NULL AUTO_INCREMENT,
  `Name` varchar(50) NOT NULL,
  `Surname` varchar(50) NOT NULL,
  `Patronymic` varchar(50) DEFAULT NULL,
  `Phone` varchar(11) NOT NULL,
  `Birthday` date NOT NULL,
  `Id_Post` int NOT NULL,
  `Photo` text NOT NULL,
  PRIMARY KEY (`IdEmploye`),
  KEY `Id_Post_idx` (`Id_Post`),
  CONSTRAINT `Id_Post` FOREIGN KEY (`Id_Post`) REFERENCES `Post` (`IdPost`)
) ENGINE=InnoDB AUTO_INCREMENT=56 DEFAULT CHARSET=utf8mb3;
/*!40101 SET character_set_client = @saved_cs_client */;

--
-- Dumping data for table `Employe`
--

LOCK TABLES `Employe` WRITE;
/*!40000 ALTER TABLE `Employe` DISABLE KEYS */;
INSERT INTO `Employe` VALUES (1,'Иван','Иванов','Иванович','79123456789','1990-01-01',1,''),(2,'Елена','Петрова','Сергеевна','79234567890','1985-05-15',1,''),(3,'Сергей','Смирнов','Александрович','79345678901','1978-12-25',1,''),(4,'Анна','Васильева','Павловна','79456789012','1995-03-10',1,''),(5,'Дмитрий','Попов','Николаевич','79567890123','1982-09-05',1,''),(6,'Ольга','Кузьмина','Владимировна','79678901234','1992-07-20',1,''),(7,'Александр','Новиков','Анатольевич','79789012345','1980-11-30',1,''),(8,'Марина','Левина','Геннадьевна','79890123456','1998-04-12',1,''),(9,'Алексей','Борисов','Викторович','79901234567','1975-06-18',1,''),(10,'Наталья','Романова','Леонидовна','79012345678','1987-02-28',1,''),(11,'Михаил','Андреев','Константинович','79123456780','1991-08-14',2,''),(12,'Светлана','Орлова','Юрьевна','79234567891','1983-10-03',2,''),(13,'Андрей','Зотов','Артёмович','79345678902','1979-01-22',2,''),(14,'Дарья','Кириллова','Денисовна','79456789013','1996-05-09',2,''),(15,'Максим','Королев','Антонович','79567890124','1986-12-17',2,''),(16,'Юлия','Комарова','Станиславовна','79678901235','1993-07-01',2,''),(17,'Владимир','Миронов','Георгиевич','79789012346','1981-03-29',2,''),(18,'Татьяна','Ершова','Владимировна','79890123457','1999-11-11',2,''),(19,'Николай','Волков','Игоревич','79901234568','1976-06-24',2,''),(20,'Лилия','Макарова','Романовна','79012345679','1988-02-16',2,''),(21,'Евгений','Демидов','Семёнович','79123456781','1994-09-07',2,''),(22,'Людмила','Степанова','Аркадьевна','79234567892','1984-04-21',2,''),(23,'Павел','Матвеев','Дмитриевич','79345678903','1977-10-13',2,''),(24,'Алёна','Чехова','Леонидовна','79456789014','1997-01-06',2,''),(25,'Борис','Шестаков','Вячеславович','79567890125','1989-08-19',2,''),(26,'Галина','Соловьева','Евгеньевна','79678901236','1990-05-27',2,''),(27,'Роман','Абрамов','Игнатьевич','79789012347','1982-12-08',2,''),(28,'Тамара','Тихонова','Васильевна','79890123458','1993-03-14',2,''),(29,'Кирилл','Пронин','Давыдович','79901234569','1987-07-02',2,''),(30,'Инна','Федорова','Геннадьевна','79012345670','1991-11-23',2,''),(31,'Денис','Быстров','Никитич','79123456782','1975-06-10',2,''),(32,'Жанна','Краснова','Анфимовна','79234567893','1996-02-20',2,''),(33,'Станислав','Колосов','Трофимович','79345678904','1985-09-15',2,''),(34,'Виктория','Симакова','Руслановна','79456789015','1992-04-05',2,''),(35,'Константин','Гордеев','Владленович','79567890126','1979-10-30',2,''),(36,'Ангелина','Разумовская','Петровна','79678901237','1998-01-18',2,''),(37,'Виталий','Карпов','Леонтиевич','79789012348','1983-08-04',2,''),(38,'Любовь','Маслова','Геннадьевна','79890123459','1994-12-22',2,''),(39,'Антон','Толмачев','Владимирович','79901234560','1980-03-11',3,''),(40,'Оксана','Перова','Ильинична','79012345671','1999-06-17',3,''),(41,'Игорь','Русаков','Самуилович','79123456783','1976-11-29',3,''),(42,'Полина','Чернышёва','Евсеевна','79234567894','1995-02-09',3,''),(43,'Ростислав','Сафронов','Филиппович','79345678905','1986-07-25',3,''),(44,'Раиса','Казакова','Адольфовна','79456789016','1997-05-13',3,''),(45,'Богдан','Фокин','Витальевич','79567890127','1981-10-06',3,''),(46,'Елизавета','Цветкова','Леонидовна','79678901238','1992-01-21',3,''),(47,'Алина','Бирюкова','Родионовна','79789012349','1988-09-16',3,''),(48,'Леонид','Голубев','Августович','79890123450','1993-04-08',3,''),(49,'Диана','Фомина','Робертовна','79901234561','1984-12-30',2,'49_ДианаФ.Р.png'),(51,'Сергей','Пятницкий','Юрьевич','79018000882','2006-05-22',1,''),(53,'Неборис','Пятницкий','Юрьевич','79018000880','2006-05-22',1,' ');
/*!40000 ALTER TABLE `Employe` ENABLE KEYS */;
UNLOCK TABLES;

--
-- Table structure for table `Payment`
--

DROP TABLE IF EXISTS `Payment`;
/*!40101 SET @saved_cs_client     = @@character_set_client */;
/*!50503 SET character_set_client = utf8mb4 */;
CREATE TABLE `Payment` (
  `IdPayment` int NOT NULL AUTO_INCREMENT,
  `Id_Record` int NOT NULL,
  `Payment_Time` datetime NOT NULL,
  `Amount` decimal(19,2) NOT NULL,
  `Discount` decimal(19,2) NOT NULL,
  PRIMARY KEY (`IdPayment`),
  KEY `Id_Record_idx` (`Id_Record`),
  CONSTRAINT `Id_Record` FOREIGN KEY (`Id_Record`) REFERENCES `Record` (`IdRecord`) ON DELETE RESTRICT ON UPDATE RESTRICT
) ENGINE=InnoDB AUTO_INCREMENT=65 DEFAULT CHARSET=utf8mb3;
/*!40101 SET character_set_client = @saved_cs_client */;

--
-- Dumping data for table `Payment`
--

LOCK TABLES `Payment` WRITE;
/*!40000 ALTER TABLE `Payment` DISABLE KEYS */;
INSERT INTO `Payment` VALUES (12,12,'2025-01-15 10:00:00',1000.00,0.00),(13,13,'2025-01-15 10:00:00',1000.00,0.00),(14,14,'2025-01-15 10:00:00',1000.00,0.00),(15,15,'2025-01-15 10:00:00',1000.00,0.00),(16,16,'2025-01-15 10:00:00',1000.00,0.00),(17,17,'2025-01-15 10:00:00',1000.00,0.00),(18,18,'2025-01-15 10:00:00',1000.00,0.00),(19,19,'2025-01-15 10:00:00',1000.00,0.00),(20,20,'2025-01-15 10:00:00',1000.00,0.00),(21,21,'2025-01-15 10:00:00',1000.00,0.00),(22,22,'2025-01-15 10:00:00',1000.00,0.00),(23,23,'2025-01-15 10:00:00',1000.00,0.00),(24,24,'2025-01-15 10:00:00',1000.00,0.00),(25,25,'2025-01-15 10:00:00',1000.00,0.00),(26,26,'2025-01-15 10:00:00',1000.00,0.00),(27,27,'2025-01-15 10:00:00',1000.00,0.00),(28,28,'2025-01-15 10:00:00',1000.00,0.00),(29,29,'2025-01-15 10:00:00',1000.00,0.00),(30,30,'2025-01-15 10:00:00',1000.00,0.00),(31,31,'2025-01-16 13:30:00',1000.00,0.00),(32,32,'2025-01-16 13:30:00',1000.00,0.00),(33,33,'2025-01-16 13:30:00',1000.00,0.00),(34,34,'2025-01-16 13:30:00',1000.00,0.00),(35,35,'2025-01-16 13:30:00',1000.00,0.00),(36,36,'2025-01-16 13:30:00',1000.00,0.00),(37,37,'2025-01-16 13:30:00',1000.00,0.00),(38,38,'2025-01-16 13:30:00',1000.00,0.00),(39,39,'2025-01-16 13:30:00',1000.00,0.00),(40,40,'2025-01-16 13:30:00',1000.00,0.00),(41,41,'2025-01-16 13:30:00',1000.00,0.00),(42,42,'2025-01-16 13:30:00',1000.00,0.00),(43,43,'2025-01-16 13:30:00',1000.00,0.00),(44,44,'2025-01-16 13:30:00',1000.00,0.00),(45,45,'2025-01-16 13:30:00',1000.00,0.00),(46,46,'2025-01-16 13:30:00',1000.00,0.00),(47,47,'2025-01-16 13:30:00',1000.00,0.00),(48,48,'2025-01-16 13:30:00',1000.00,0.00),(49,49,'2025-01-16 13:30:00',1000.00,0.00),(50,50,'2025-01-16 13:30:00',1000.00,0.00),(51,51,'2025-01-16 13:30:00',1000.00,0.00),(52,52,'2025-01-16 13:30:00',1000.00,0.00),(53,53,'2025-01-16 13:30:00',1000.00,0.00),(54,54,'2025-01-16 13:30:00',1000.00,0.00),(55,55,'2025-01-16 13:30:00',1000.00,0.00),(56,87,'2025-10-31 02:34:20',6000.00,900.00),(57,89,'2025-10-31 18:04:03',18000.00,2700.00),(58,90,'2025-11-03 19:13:58',24000.00,3600.00),(59,91,'2025-11-18 20:41:35',3500.00,525.00),(60,94,'2025-11-18 20:44:05',24000.00,3600.00),(61,95,'2025-11-18 20:46:45',13000.00,1950.00),(62,96,'2025-11-23 18:42:17',13000.00,1950.00),(63,97,'2025-11-23 18:51:28',48500.00,7275.00),(64,98,'2025-11-23 19:21:19',45000.00,6750.00);
/*!40000 ALTER TABLE `Payment` ENABLE KEYS */;
UNLOCK TABLES;

--
-- Table structure for table `Post`
--

DROP TABLE IF EXISTS `Post`;
/*!40101 SET @saved_cs_client     = @@character_set_client */;
/*!50503 SET character_set_client = utf8mb4 */;
CREATE TABLE `Post` (
  `IdPost` int NOT NULL AUTO_INCREMENT,
  `Name` varchar(45) NOT NULL,
  PRIMARY KEY (`IdPost`)
) ENGINE=InnoDB AUTO_INCREMENT=6 DEFAULT CHARSET=utf8mb3;
/*!40101 SET character_set_client = @saved_cs_client */;

--
-- Dumping data for table `Post`
--

LOCK TABLES `Post` WRITE;
/*!40000 ALTER TABLE `Post` DISABLE KEYS */;
INSERT INTO `Post` VALUES (1,'Администрация'),(2,'Барбер'),(3,'Менеджер');
/*!40000 ALTER TABLE `Post` ENABLE KEYS */;
UNLOCK TABLES;

--
-- Table structure for table `Record`
--

DROP TABLE IF EXISTS `Record`;
/*!40101 SET @saved_cs_client     = @@character_set_client */;
/*!50503 SET character_set_client = utf8mb4 */;
CREATE TABLE `Record` (
  `IdRecord` int NOT NULL AUTO_INCREMENT,
  `Id_Client` int NOT NULL,
  `Id_Employe` int NOT NULL,
  `Id_Status` int NOT NULL,
  `Date_Record` date NOT NULL,
  `Time_Record` time NOT NULL,
  `Totla_Price` decimal(19,2) NOT NULL,
  `Total_Time` varchar(3) NOT NULL,
  PRIMARY KEY (`IdRecord`),
  KEY `Id_Client_idx` (`Id_Client`),
  KEY `Id_Employe_idx` (`Id_Employe`),
  KEY `Id_Status_idx` (`Id_Status`),
  CONSTRAINT `Id_Client` FOREIGN KEY (`Id_Client`) REFERENCES `Client` (`IdClient`) ON DELETE RESTRICT ON UPDATE RESTRICT,
  CONSTRAINT `Id_Employe` FOREIGN KEY (`Id_Employe`) REFERENCES `Employe` (`IdEmploye`) ON DELETE RESTRICT ON UPDATE RESTRICT,
  CONSTRAINT `Id_Status` FOREIGN KEY (`Id_Status`) REFERENCES `Status` (`IdStatus`) ON DELETE RESTRICT ON UPDATE RESTRICT
) ENGINE=InnoDB AUTO_INCREMENT=99 DEFAULT CHARSET=utf8mb3;
/*!40101 SET character_set_client = @saved_cs_client */;

--
-- Dumping data for table `Record`
--

LOCK TABLES `Record` WRITE;
/*!40000 ALTER TABLE `Record` DISABLE KEYS */;
INSERT INTO `Record` VALUES (1,1,11,2,'2025-01-15','15:00:00',1000.00,'40'),(2,2,12,2,'2025-01-15','15:00:00',1000.00,'50'),(3,3,13,2,'2025-01-15','15:00:00',1000.00,'40'),(4,4,14,2,'2025-01-15','15:00:00',1000.00,'25'),(5,5,15,2,'2025-01-15','15:00:00',1000.00,'40'),(6,6,16,2,'2025-01-15','15:00:00',1000.00,'40'),(7,7,17,2,'2025-01-15','15:00:00',1000.00,'40'),(8,8,18,2,'2025-01-15','15:00:00',1000.00,'40'),(9,9,19,2,'2025-01-15','15:00:00',1000.00,'40'),(10,10,20,2,'2025-01-15','15:00:00',1000.00,'40'),(11,11,21,2,'2025-01-15','15:00:00',1000.00,'40'),(12,12,22,2,'2025-01-15','15:00:00',1000.00,'40'),(13,13,23,2,'2025-01-15','15:00:00',1000.00,'40'),(14,14,24,2,'2025-01-15','15:00:00',1000.00,'40'),(15,15,25,2,'2025-01-15','15:00:00',1000.00,'40'),(16,16,26,2,'2025-01-15','15:00:00',1000.00,'40'),(17,17,27,2,'2025-01-15','15:00:00',1000.00,'40'),(18,18,28,2,'2025-01-15','15:00:00',1000.00,'40'),(19,19,29,2,'2025-01-15','15:00:00',1000.00,'40'),(20,20,30,2,'2025-01-15','15:00:00',1000.00,'40'),(21,21,31,2,'2025-01-15','15:00:00',1000.00,'40'),(22,22,32,2,'2025-01-15','15:00:00',1000.00,'40'),(23,23,33,2,'2025-01-15','15:00:00',1000.00,'40'),(24,24,34,2,'2025-01-15','15:00:00',1000.00,'40'),(25,25,35,2,'2025-01-15','15:00:00',1000.00,'40'),(26,26,36,2,'2025-01-15','15:00:00',1000.00,'40'),(27,27,37,2,'2025-01-15','15:00:00',1000.00,'40'),(28,28,38,2,'2025-01-15','15:00:00',1000.00,'40'),(29,29,39,2,'2025-01-15','15:00:00',1000.00,'40'),(30,30,40,2,'2025-01-15','15:00:00',1000.00,'40'),(31,1,11,2,'2025-01-16','15:00:00',1000.00,'40'),(32,2,12,2,'2025-01-16','15:00:00',1000.00,'40'),(33,3,13,2,'2025-01-16','15:00:00',1000.00,'40'),(34,4,14,2,'2025-01-16','15:00:00',1000.00,'40'),(35,5,15,2,'2025-01-16','15:00:00',1000.00,'40'),(36,6,16,2,'2025-01-16','15:00:00',1000.00,'40'),(37,7,17,2,'2025-01-16','15:00:00',1000.00,'40'),(38,8,18,2,'2025-01-16','15:00:00',1000.00,'40'),(39,9,19,2,'2025-01-16','15:00:00',1000.00,'40'),(40,10,20,2,'2025-01-16','15:00:00',1000.00,'40'),(41,11,21,2,'2025-01-16','15:00:00',1000.00,'40'),(42,12,22,2,'2025-01-16','15:00:00',1000.00,'40'),(43,13,23,2,'2025-01-16','15:00:00',1000.00,'40'),(44,14,24,2,'2025-01-16','15:00:00',1000.00,'40'),(45,15,25,2,'2025-01-16','15:00:00',1000.00,'40'),(46,16,26,2,'2025-01-16','15:00:00',1000.00,'40'),(47,17,27,2,'2025-01-16','15:00:00',1000.00,'40'),(48,18,28,2,'2025-01-16','15:00:00',1000.00,'40'),(49,19,29,2,'2025-01-16','15:00:00',1000.00,'40'),(50,20,30,2,'2025-01-16','15:00:00',1000.00,'40'),(51,21,31,2,'2025-01-16','15:00:00',1000.00,'40'),(52,22,32,2,'2025-01-16','15:00:00',1000.00,'40'),(53,23,33,2,'2025-01-16','15:00:00',1000.00,'40'),(54,24,34,2,'2025-01-16','15:00:00',1000.00,'40'),(55,25,35,2,'2025-01-16','15:00:00',1000.00,'40'),(56,1,1,2,'2025-10-24','19:00:00',1000.00,'120'),(57,2,1,2,'2025-10-24','13:00:00',1000.00,'60'),(86,1,1,1,'2025-10-24','11:00:00',6000.00,'105'),(87,1,1,2,'2025-10-25','09:00:00',6000.00,'105'),(88,1,1,1,'2025-10-24','09:00:00',6000.00,'40'),(89,1,11,2,'2025-10-31','09:00:00',18000.00,'245'),(90,1,11,2,'2025-10-31','13:30:00',24000.00,'290'),(91,12,11,2,'2025-10-31','18:30:00',3500.00,'60'),(94,1,11,2,'2025-11-18','09:00:00',24000.00,'290'),(95,1,11,2,'2025-11-18','14:00:00',13000.00,'215'),(96,1,11,2,'2025-11-23','09:00:00',13000.00,'215'),(97,1,11,2,'2025-11-24','09:30:00',48500.00,'665'),(98,1,11,2,'2025-11-26','09:00:00',45000.00,'620');
/*!40000 ALTER TABLE `Record` ENABLE KEYS */;
UNLOCK TABLES;

--
-- Table structure for table `Role`
--

DROP TABLE IF EXISTS `Role`;
/*!40101 SET @saved_cs_client     = @@character_set_client */;
/*!50503 SET character_set_client = utf8mb4 */;
CREATE TABLE `Role` (
  `IdRole` int NOT NULL AUTO_INCREMENT,
  `Name` varchar(20) NOT NULL,
  PRIMARY KEY (`IdRole`)
) ENGINE=InnoDB AUTO_INCREMENT=5 DEFAULT CHARSET=utf8mb3;
/*!40101 SET character_set_client = @saved_cs_client */;

--
-- Dumping data for table `Role`
--

LOCK TABLES `Role` WRITE;
/*!40000 ALTER TABLE `Role` DISABLE KEYS */;
INSERT INTO `Role` VALUES (1,'Администратор'),(2,'Менеджер');
/*!40000 ALTER TABLE `Role` ENABLE KEYS */;
UNLOCK TABLES;

--
-- Table structure for table `Service`
--

DROP TABLE IF EXISTS `Service`;
/*!40101 SET @saved_cs_client     = @@character_set_client */;
/*!50503 SET character_set_client = utf8mb4 */;
CREATE TABLE `Service` (
  `IdService` int NOT NULL AUTO_INCREMENT,
  `Name` varchar(50) NOT NULL,
  `Description` varchar(200) DEFAULT NULL,
  `Id_Category` int NOT NULL,
  `Cost` decimal(19,2) NOT NULL,
  `Duration` int NOT NULL,
  PRIMARY KEY (`IdService`),
  KEY `Id_Category_idx` (`Id_Category`),
  CONSTRAINT `Id_Category` FOREIGN KEY (`Id_Category`) REFERENCES `Category` (`IdCategory`) ON DELETE RESTRICT ON UPDATE RESTRICT
) ENGINE=InnoDB AUTO_INCREMENT=68 DEFAULT CHARSET=utf8mb3;
/*!40101 SET character_set_client = @saved_cs_client */;

--
-- Dumping data for table `Service`
--

LOCK TABLES `Service` WRITE;
/*!40000 ALTER TABLE `Service` DISABLE KEYS */;
INSERT INTO `Service` VALUES (1,'Комплексный уход за кожей лица','Профессиональная очистка, увлажнение и питание кожи, создающая идеальный баланс влаги.',1,3500.00,60),(2,'Удаление комедонов','Процедура глубокой очистки кожи от закупорившихся пор и черных точек.',1,2500.00,45),(3,'Чистка лица ультразвуком','Современная технология ультразвуковой чистки обеспечивает мягкую очистку кожи.',1,3000.00,50),(4,'Химический пилинг','Средства химического пилинга глубоко проникают в кожу, стимулируя выработку коллагена.',1,4000.00,60),(5,'Лазерная эпиляция','Эффективная методика удаления нежелательных волос навсегда.',1,5000.00,30),(6,'Контурная пластика лица','Использование филлеров для восполнения объемов и сглаживания морщин.',1,6000.00,45),(7,'Микронидлинг','Метод введения активных веществ в глубокие слои кожи для быстрого обновления.',1,3500.00,60),(8,'Модельная борода','Подходит для создания идеального рисунка бороды и достижения симметрии.',2,2500.00,45),(9,'Коррекция бороды','Обновление и поддержка желаемой формы бороды мастером-барбером.',2,1500.00,30),(10,'Акварель бороды','Покраска бороды специальным красителем, придающим естественный оттенок.',2,2000.00,45),(11,'Выпрямление бороды','Создается гладкая и блестящая поверхность бороды с длительным результатом.',2,3000.00,60),(12,'Индивидуальный маникюр бороды','Используется для создания тонкой геометрической формы бороды.',2,2500.00,45),(13,'Идеальная бородка','Придаем красивый аккуратный вид и определяем наилучшую длину бороды.',2,2000.00,30),(14,'Классическая мужская стрижка','Регулярная базовая стрижка, формирующая основу образа.',3,1500.00,30),(15,'Творческая мужская стрижка','Авторская стрижка в сочетании с вашими пожеланиями и нашими рекомендациями.',3,2500.00,45),(16,'Французский Fade','Техника коротко выбритых висков и затылка с плавно увеличивающейся длиной вверх.',3,2000.00,45),(17,'Модная спортивная стрижка','Практичная и удобная прическа для занятий спортом и активной жизни.',3,1800.00,30),(18,'Стильный Undercut','Популярная прическа с длинными волосами сверху и коротко выбритыми сторонами.',3,2200.00,45),(19,'Премиум-бритье головы','Абсолютно гладкое и точное бритье головы опасным инструментом.',3,2500.00,30),(20,'Вечерняя прическа','Элегантная укладка для особых случаев и торжественных мероприятий.',3,3000.00,60),(21,'Градуированная стрижка','Многослойная прическа, создающая дополнительный объем и структуру.',3,2000.00,45),(22,'Спортивное фейс-фрейминг','Прическа подчеркивает черты лица и придает лицу выразительность.',3,1800.00,30),(23,'Морская волна','Укладка с эффектом морской волны и естественным движением волос.',3,2500.00,45),(24,'Высокий Fade','Длинные волосы сверху плавно переходят в короткое бритье снизу.',3,2200.00,45),(25,'Пышная челка','Стильно выглядит с длинной челкой, которую можно уложить вперед или набок.',3,2000.00,30),(26,'Краткосрочная помадка','Создает текстуру и сохраняет прическу в течение всего дня.',3,1500.00,30),(27,'Модерн-классика','Оптимальное сочетание классического стиля и современных веяний моды.',3,2500.00,45),(28,'Медуза-гребёнка','Особая укладка с гребнем, создающая интересную текстуру волос.',3,2000.00,45),(29,'Высококачественное ламинирование','Позволяет придать волосам зеркальный блеск и сохранить влагу.',3,3000.00,60),(30,'Интенсивный макияж лица','Привносит свежий вид, улучшает общий тонус кожи и скрывает недостатки.',1,4000.00,60),(31,'Спокойная вечерняя мистерия','Создание таинственного, изысканного образа для особого случая.',1,3500.00,60),(32,'Гиперпигментированные пятна','Лечение возрастных пятен и гиперпигментаций на лице.',1,5000.00,60),(33,'Скраб для лица с миндальной кислотой','Легкий отшелушивающий эффект для мягкой и здоровой кожи.',1,2500.00,30),(34,'Пластический массаж лица','Повышает эластичность кожи и уменьшает признаки старения.',1,3500.00,45),(35,'Маска-пленка для сужения пор','Уменьшает размер пор и предотвращает появление высыпаний.',1,2000.00,30),(36,'Лазерный фракционный лифтинг','Безоперационная подтяжка кожи с помощью лазерных импульсов.',1,6000.00,60),(37,'Формирование стиля усов','Искусство создания красивых и выразительных усов.',2,2000.00,30),(38,'Укладка усов воском','Подчеркните особенности лица с помощью специальной укладки усов.',2,1500.00,20),(39,'Обрезка усов опасной бритвой','Тончайшая обработка кромки усов для максимальной точности.',2,2500.00,30),(40,'Нанесение покрытия для бороды','Средство создает защитный слой и усиливает рост бороды.',2,2000.00,45),(41,'Фракционированная бородка','Создание небольшой аккуратной бородки с ровными границами.',2,1800.00,30),(42,'Холодная завивка усов','Специфическая фиксация, придающая особый стиль и очарование.',2,2500.00,45),(43,'Формирующая длина бороды','Определение наиболее благоприятной длины бороды для вас.',2,2000.00,30),(44,'Запечатывание кутикулы бороды','Закрывает чешуйки волос, предотвращая ломкость и сухость.',2,2500.00,45),(45,'Композиция усов и бороды','Совместная работа над созданием целостного образа.',2,3000.00,60),(46,'Косметическая реставрация бороды','Восстанавливаем пышность и здоровое состояние бороды.',2,3500.00,60),(47,'Архитектура стрижки бороды','Продуманная архитектура и симметрия создают идеальное впечатление.',2,4000.00,60),(48,'Итальянский Pompeii','Возвращение римского наследия в форме идеальной мужской стрижки.',3,2500.00,45),(49,'Американский Hollywood','Смелая стрижка с объемом и легкостью исполнения.',3,2000.00,30),(50,'Европейский Elegance','Минимализм и четкость линий характеризуют европейский стиль.',3,2500.00,45),(51,'Британский Classic','Традиционная британская стрижка с сохранением длины волос.',3,2000.00,30),(52,'Экстремальный Top-Knot','Коротко выбритые стороны и высокие пучки волос наверху.',3,2500.00,45),(53,'Ретро Ivy League','Классическая американская студенческая стрижка, любимая студентами.',3,2000.00,30),(54,'Современные текстуры','Использование специальных средств для создания интересных текстурных эффектов.',3,2500.00,45),(55,'Детский Trim Line','Аккуратная детская стрижка, учитывающая чувствительность детской кожи.',3,1500.00,30),(56,'Модная андеркат','Соотношение длинных верхних волос и короткого низа формирует стильный андеркат.',3,2000.00,45),(57,'Экспериментальный Temporal Fade','Новый уровень мужской стрижки с яркими контрастами и четкими линиями.',3,2500.00,45),(58,'Джентльменский клубный Twist','Уникальная смесь джентльменского стиля и юношеской дерзости.',3,3000.00,60),(59,'Лоск спортивного Top-Gloss','Шампуни и кондиционеры для глянцевого блеска и роскошного внешнего вида.',3,2500.00,45),(60,'Классика британской школы','Баланс глубины и формы, созданный традиционным способом британских мастеров.',3,2000.00,30),(61,'Ново-Английская Cross-Fade','Четкое сочетание разной длины волос с прекрасным внешним видом.',3,2500.00,45),(62,'Великолепный Low-Cut','Эта простая, но привлекательная стрижка привлекает внимание.',3,2000.00,30),(63,'Кросс-овер High Fade','Интересная комбинация стилей, идеально подходит молодым людям.',3,2500.00,45);
/*!40000 ALTER TABLE `Service` ENABLE KEYS */;
UNLOCK TABLES;

--
-- Table structure for table `Service_In_Record`
--

DROP TABLE IF EXISTS `Service_In_Record`;
/*!40101 SET @saved_cs_client     = @@character_set_client */;
/*!50503 SET character_set_client = utf8mb4 */;
CREATE TABLE `Service_In_Record` (
  `Id_Record` int NOT NULL,
  `Id_Service` int NOT NULL,
  PRIMARY KEY (`Id_Record`,`Id_Service`),
  KEY `Id_Service_idx` (`Id_Service`),
  KEY `Id_Recorrd_idx` (`Id_Record`),
  CONSTRAINT `Id_Recorrd` FOREIGN KEY (`Id_Record`) REFERENCES `Record` (`IdRecord`) ON DELETE RESTRICT ON UPDATE RESTRICT,
  CONSTRAINT `Id_Service` FOREIGN KEY (`Id_Service`) REFERENCES `Service` (`IdService`) ON DELETE RESTRICT ON UPDATE RESTRICT
) ENGINE=InnoDB DEFAULT CHARSET=utf8mb4 COLLATE=utf8mb4_0900_ai_ci;
/*!40101 SET character_set_client = @saved_cs_client */;

--
-- Dumping data for table `Service_In_Record`
--

LOCK TABLES `Service_In_Record` WRITE;
/*!40000 ALTER TABLE `Service_In_Record` DISABLE KEYS */;
INSERT INTO `Service_In_Record` VALUES (1,1),(10,1),(11,1),(12,1),(13,1),(14,1),(15,1),(16,1),(17,1),(18,1),(19,1),(20,1),(22,1),(23,1),(24,1),(25,1),(26,1),(27,1),(28,1),(29,1),(30,1),(31,1),(32,1),(33,1),(34,1),(35,1),(36,1),(37,1),(38,1),(39,1),(40,1),(41,1),(42,1),(43,1),(44,1),(45,1),(46,1),(47,1),(48,1),(49,1),(50,1),(51,1),(52,1),(53,1),(54,1),(55,1),(87,1),(89,1),(90,1),(91,1),(94,1),(95,1),(96,1),(97,1),(98,1),(2,2),(87,2),(89,2),(90,2),(94,2),(95,2),(96,2),(3,3),(89,3),(90,3),(94,3),(95,3),(96,3),(97,3),(98,3),(4,4),(89,4),(90,4),(94,4),(95,4),(96,4),(97,4),(98,4),(5,5),(89,5),(90,5),(94,5),(97,5),(98,5),(6,6),(90,6),(94,6),(97,6),(7,7),(8,8),(9,9),(21,11),(98,11),(97,13),(98,20),(98,27),(97,28),(97,29),(98,32),(98,33),(97,34),(98,34),(97,35),(97,36),(98,36),(97,40),(97,43),(97,44),(98,47),(97,49);
/*!40000 ALTER TABLE `Service_In_Record` ENABLE KEYS */;
UNLOCK TABLES;

--
-- Table structure for table `Status`
--

DROP TABLE IF EXISTS `Status`;
/*!40101 SET @saved_cs_client     = @@character_set_client */;
/*!50503 SET character_set_client = utf8mb4 */;
CREATE TABLE `Status` (
  `IdStatus` int NOT NULL AUTO_INCREMENT,
  `Name` varchar(50) NOT NULL,
  `Description` varchar(200) DEFAULT NULL,
  PRIMARY KEY (`IdStatus`)
) ENGINE=InnoDB AUTO_INCREMENT=4 DEFAULT CHARSET=utf8mb3;
/*!40101 SET character_set_client = @saved_cs_client */;

--
-- Dumping data for table `Status`
--

LOCK TABLES `Status` WRITE;
/*!40000 ALTER TABLE `Status` DISABLE KEYS */;
INSERT INTO `Status` VALUES (1,'Ожидается',NULL),(2,'Завершен',NULL);
/*!40000 ALTER TABLE `Status` ENABLE KEYS */;
UNLOCK TABLES;

--
-- Table structure for table `User`
--

DROP TABLE IF EXISTS `User`;
/*!40101 SET @saved_cs_client     = @@character_set_client */;
/*!50503 SET character_set_client = utf8mb4 */;
CREATE TABLE `User` (
  `IdUser` int NOT NULL AUTO_INCREMENT,
  `Name` varchar(50) NOT NULL,
  `Surname` varchar(50) NOT NULL,
  `Patronymic` varchar(50) DEFAULT NULL,
  `Password` varchar(64) NOT NULL,
  `Login` varchar(20) NOT NULL,
  `Id_Role` int NOT NULL,
  PRIMARY KEY (`IdUser`),
  KEY `Id_Role_idx` (`Id_Role`),
  CONSTRAINT `Id_Role` FOREIGN KEY (`Id_Role`) REFERENCES `Role` (`IdRole`) ON DELETE RESTRICT ON UPDATE RESTRICT
) ENGINE=InnoDB AUTO_INCREMENT=16 DEFAULT CHARSET=utf8mb3;
/*!40101 SET character_set_client = @saved_cs_client */;

--
-- Dumping data for table `User`
--

LOCK TABLES `User` WRITE;
/*!40000 ALTER TABLE `User` DISABLE KEYS */;
INSERT INTO `User` VALUES (1,'Иван','Иванов','Иванович','6B86B273FF34FCE19D6B804EFF5A3F5747ADA4EAA22F1D49C01E52DDB7875B4B','1',1),(2,'Елена','Петрова','Сергеевна','6B86B273FF34FCE19D6B804EFF5A3F5747ADA4EAA22F1D49C01E52DDB7875B4B','loginUserExampl00002',1),(3,'Сергей','Смирнов','Александрович','6B86B273FF34FCE19D6B804EFF5A3F5747ADA4EAA22F1D49C01E52DDB7875B4B','loginUserExampl00003',1),(4,'Анна','Васильева','Павловна','6B86B273FF34FCE19D6B804EFF5A3F5747ADA4EAA22F1D49C01E52DDB7875B4B','loginUserExampl00004',1),(5,'Дмитрий','Попов','Николаевич','6B86B273FF34FCE19D6B804EFF5A3F5747ADA4EAA22F1D49C01E52DDB7875B4B','loginUserExampl00005',1),(6,'Ольга','Кузьмина','Владимировна','6B86B273FF34FCE19D6B804EFF5A3F5747ADA4EAA22F1D49C01E52DDB7875B4B','2',2),(7,'Александр','Новиков','Анатольевич','6B86B273FF34FCE19D6B804EFF5A3F5747ADA4EAA22F1D49C01E52DDB7875B4B','loginUserExampl00007',2),(8,'Марина','Левина','Геннадьевна','6B86B273FF34FCE19D6B804EFF5A3F5747ADA4EAA22F1D49C01E52DDB7875B4B','loginUserExampl00008',2),(9,'Алексей','Борисов','Викторович','6B86B273FF34FCE19D6B804EFF5A3F5747ADA4EAA22F1D49C01E52DDB7875B4B','loginUserExampl00009',2),(10,'Наталья','Романова','Леонидовна','6B86B273FF34FCE19D6B804EFF5A3F5747ADA4EAA22F1D49C01E52DDB7875B4B','loginUserExampl00010',2);
/*!40000 ALTER TABLE `User` ENABLE KEYS */;
UNLOCK TABLES;
/*!40103 SET TIME_ZONE=@OLD_TIME_ZONE */;

/*!40101 SET SQL_MODE=@OLD_SQL_MODE */;
/*!40014 SET FOREIGN_KEY_CHECKS=@OLD_FOREIGN_KEY_CHECKS */;
/*!40014 SET UNIQUE_CHECKS=@OLD_UNIQUE_CHECKS */;
/*!40101 SET CHARACTER_SET_CLIENT=@OLD_CHARACTER_SET_CLIENT */;
/*!40101 SET CHARACTER_SET_RESULTS=@OLD_CHARACTER_SET_RESULTS */;
/*!40101 SET COLLATION_CONNECTION=@OLD_COLLATION_CONNECTION */;
/*!40111 SET SQL_NOTES=@OLD_SQL_NOTES */;

-- Dump completed on 2025-11-23 21:25:43
